
[
  {
    "id": 1,
    "question":"Question 1",
    "option1":true,
    "option2":false,
    "correctanswer": true
  },  
  { 
    "id": 2,
    "question":"Question 2",
    "option1":true,
    "option2":false,
    "correctanswer": false
  },
  {
    "id": 3,
    "question":"Question 3",
    "option1":true,
    "option2":false,
    "correctanswer": false
  },  
  {
    "id": 4,
    "question":"Question 4",
    "option1":true,
    "option2":false,
    "correctanswer": false
  },
  {
    "id": 5,
    "question":"Question 5",
    "option1":true,
    "option2":false,
    "correctanswer": true
  },  
  {
    "id": 6,
    "question":"Question 6",
    "option1":true,
    "option2":false,
    "correctanswer": true
  },
  {
    "id": 7,
    "question":"Question 7",
    "option1":true,
    "option2":false,
    "correctanswer": true
  },  
  {
    "id": 8,
    "question":"Question 8",
    "option1":true,
    "option2":false,
    "correctanswer": false
  },
  {
    "id": 9,
    "question":"Question 9",
    "option1":true,
    "option2":false,
    "correctanswer": false
  },  
  {
    "id": 10,
    "question":"Question 10",
    "option1":true,
    "option2":false,
    "answer": true
  }
]